{"Version":1,"Dimensionality":3,"T":[[-0.032824663444359865,-0.020198946215946294,0.99925699599328788,0],[-0.99944503569554077,0.0063364325145572348,-0.032702755946978974,0],[-0.0056711633113244089,-0.99977590098719316,-0.020395727786536994,0],[-0.012493228095355328,-0.26754771707204206,0.02416160418548793,1]],"Rotation":[[-0.032824663444359865,-0.020198946215946294,0.99925699599328788],[-0.99944503569554077,0.0063364325145572348,-0.032702755946978974],[-0.0056711633113244089,-0.99977590098719316,-0.020395727786536994]],"Translation":[-0.012493228095355328,-0.26754771707204206,0.02416160418548793],"Tinv":[[-0.032824663444359865,-0.99944503569554077,-0.0056711633113244089,0],[-0.020198946215946294,0.0063364325145572348,-0.99977590098719316,0],[0.99925699599328788,-0.032702755946978974,-0.020395727786536994,0],[-0.029957919971670573,-0.010000845701098575,-0.26706581752772857,1]],"IsBidirectional":true,"AffineTform":{"T":[[-0.032824663444359865,-0.020198946215946294,0.99925699599328788,0],[-0.99944503569554077,0.0063364325145572348,-0.032702755946978974,0],[-0.0056711633113244089,-0.99977590098719316,-0.020395727786536994,0],[-0.012493228095355328,-0.26754771707204206,0.02416160418548793,1]],"Dimensionality":3}}